Date,Open,High,Low,Close,Volume,Market Cap
Jun-29-2022,1.0600197631266193,1.0648899737375155,1.0526846811057038,1.0648899737375155,25335065.64718995,33884502.08048345
Jun-28-2022,1.065979045393343,1.0678670867594091,1.0574183035426712,1.0593419113407327,24498837.24129167,33988088.49773358
Jun-27-2022,1.0725339279703632,1.0741775291038491,1.0650632550143144,1.0658480778346846,25209650.776313256,34231422.52265097
Jun-26-2022,1.0709852355033418,1.075521291895324,1.0694819387366996,1.0725339279703632,19126174.300951544,34299740.510478646
Jun-25-2022,1.0696105732924979,1.0723306624266484,1.0676482389674973,1.0723306624266484,15059309.392490385,34212237.22359683
Jun-24-2022,1.0706858018584773,1.0712054041689538,1.0686002785848394,1.0694837073045462,22110771.341548193,34219652.29211864
Jun-23-2022,1.0680813062343304,1.0722099749868552,1.066717654283923,1.0699253437653269,22575618.82934762,34198040.38865332
Jun-22-2022,1.0705448553196208,1.0735655887557378,1.0641023184980314,1.0680813062343304,22164369.558710083,34155396.38089432
Jun-21-2022,1.0686666943644936,1.0742082840457787,1.061167164787276,1.0713388748594939,29230400.39038389,34188325.42597358
Jun-20-2022,1.0677385593166806,1.0749562587214008,1.0672465754160725,1.0677377989061667,36792624.43085427,34207391.90903326
Jun-19-2022,1.0664975608258795,1.0718604014471338,1.065203771243452,1.0677385593166806,27647872.02534956,34178013.782272324
Jun-18-2022,1.0665787003515372,1.0722920559253197,1.0635869117686478,1.066681333485056,26236121.14288327,34085940.08143282
Jun-17-2022,1.0674127888971048,1.0674127888971048,1.0620637194632405,1.066603062766825,23834396.932245456,34070754.84546846
Jun-16-2022,1.0709555544385383,1.0714575628929857,1.0630435960643025,1.0674127888971048,33045946.89935409,34147321.16687295
Jun-15-2022,1.064422187467394,1.07614285344614,1.0573370952927934,1.0705023769853133,41676479.09107177,34102606.10003683
Jun-14-2022,1.0607147900179663,1.0679528951206616,1.055546284170823,1.0640691606137407,43594831.505185775,33956548.46246596
Jun-13-2022,1.0579646670608385,1.0650663489732353,1.0560927215161873,1.0607147900179663,38745852.46692641,33905714.872249715
Jun-12-2022,1.068204373961251,1.0699718249559953,1.0568821491814906,1.0585172012991517,26187496.860061754,33983985.207236975
Jun-11-2022,1.0687369992279432,1.0714812246748757,1.065871489534175,1.068798567296498,15640998.667275703,34168706.79861471
Jun-10-2022,1.0698895981234904,1.0708569092049596,1.066996970270123,1.0683949232419296,19244051.21194606,34183880.82708549
Jun-09-2022,1.0793585679490014,1.0822224862235952,1.0666555128650979,1.0698895981234904,22734412.69113889,34351094.354038216
Jun-08-2022,1.0870827356417954,1.0915954845702818,1.0769289991038684,1.0793585679490014,22256541.423755366,34678435.08469589
Jun-07-2022,1.086409829059731,1.0919865346846838,1.0839159259760067,1.0870827356417954,22849619.747608002,34776797.048093945
Jun-06-2022,1.0888170238849215,1.0888170238849215,1.080487862626563,1.086409829059731,20961708.002244625,34701452.869198486
Jun-05-2022,1.0884450747723755,1.0950563656990473,1.0862453119993987,1.0866187781357215,13550324.703489542,34853626.88337417
Jun-04-2022,1.0890827084046253,1.090315775935915,1.0862137633530515,1.0898052822858264,11795592.040010417,34787395.00943851
Jun-03-2022,1.086520474594794,1.0892802042542364,1.0858168864267344,1.087620621416158,17053890.46151389,34768905.16202487
Jun-02-2022,1.0911242123149947,1.0938628831620463,1.0863740244739197,1.086520474594794,24524399.189779412,34837003.3926258
Jun-01-2022,1.0802693136407129,1.0920820579024955,1.079305096099497,1.0920820579024955,24967455.648889348,34685265.32795501
May-31-2022,1.0895713920956238,1.0903768440037716,1.0780510597342439,1.0802693136407129,24512814.558209207,34707709.96870797
May-30-2022,1.0958973926534425,1.095980082601037,1.086352060396387,1.0895713920956238,25430369.778018184,34882384.08135746
May-29-2022,1.092132395378907,1.0976428432290053,1.0899557131661894,1.095749776790094,16444647.025837664,35002238.06999995
May-28-2022,1.090249893548208,1.0935927606798816,1.0888163859984157,1.092132395378907,12961909.060221791,34876127.34100638
May-27-2022,1.0887162280917781,1.0930448163700643,1.0886030329762932,1.0900528414908803,20986648.557055794,34866590.29005517
May-26-2022,1.0906101955785286,1.0931365110940408,1.0857511106314832,1.0887162280917781,25405289.405435145,34856598.89031703
May-25-2022,1.0849319943005233,1.0909096312437145,1.0832362109870004,1.090393237443389,22142813.232174907,34767495.62827768
May-24-2022,1.0880586434434092,1.0883033701379343,1.0808637487375587,1.0849319943005233,26454243.36003125,34687731.11645916
May-23-2022,1.0828842697101706,1.0892741672611645,1.0804677796386206,1.0880586434434092,29484975.83473978,34713525.733573854
May-22-2022,1.0728646749029471,1.0844138170990671,1.0721528227960946,1.0828842697101706,18131607.999660432,34510819.07143796
May-21-2022,1.0705369434017642,1.073817765982458,1.0697663998003906,1.0728646749029471,13293668.56688482,34279264.16680988
May-20-2022,1.0703067844138379,1.0728286442433157,1.06863009927657,1.0705369434017642,22046829.93736574,34226068.2776746
May-19-2022,1.0719887454977386,1.0951543452452541,1.0680506032919284,1.0703067844138379,27788383.560415417,34262521.25440684
May-18-2022,1.0606136854763022,1.0760725654917516,1.0606136854763022,1.0719887454977386,27884044.07025628,34141198.08079813
May-17-2022,1.0701095315647398,1.0705902938805696,1.0587842442098694,1.0614714384775412,27039138.12004902,33995173.194872975
May-16-2022,1.0525577772215373,1.0697544730386264,1.0509688337946128,1.0697544730386264,25389338.84903241,33917926.36820228
May-15-2022,1.0508447323385468,1.0527360430242043,1.0478574441325967,1.0518225408835258,18643127.238714285,33593655.31386425
May-14-2022,1.0492257378951697,1.0512693257992878,1.0478044236578918,1.0497471314759164,16365982.886758067,33557152.812403776
May-13-2022,1.0489116407469259,1.0496884049901374,1.0460522571342845,1.0492005973481064,37689136.11814286,33510980.292138673
May-12-2022,1.0478768486094392,1.0547125126334844,1.0439845273337478,1.0489116407469259,76280286.69176146,33572411.04923814
May-11-2022,1.0615264256325498,1.063051008742232,1.0077086439796374,1.0483057495686376,72208070.41470292,33565980.387505464
May-10-2022,1.0673385032347067,1.0763054888857115,1.0598858784822651,1.0615264256325498,49276703.2952437,34122844.92929564
May-09-2022,1.071214564822326,1.0739061388536475,1.0662753055225132,1.0673385032347067,42638776.52816667,34230018.864315994
May-08-2022,1.0687319974492715,1.074946659068481,1.066081975890841,1.0726807718807019,28532017.870010052,34200558.39495594
May-07-2022,1.0714323390490141,1.0728555769576043,1.069436072644496,1.0695461312911183,21835003.648773007,34257592.348164834
May-06-2022,1.0718587564868773,1.0729215214124657,1.0706655584338762,1.0714323390490141,25288055.44631513,34271079.70878355
May-05-2022,1.0711830311161201,1.0761243385797339,1.0651773108966804,1.0718587564868773,31489788.98962791,34270854.29395353
May-04-2022,1.079251164638198,1.0814689600089176,1.0673444897889393,1.0711830311161201,29877135.57854118,34346120.9083358
May-03-2022,1.0695697242902846,1.0806375269953818,1.0683811090897644,1.0789427088101595,28876753.396155283,34288708.773953415
May-02-2022,1.068806885355957,1.0749777425344078,1.0670042040537835,1.0696821962239271,25822189.681472477,34215025.25524889
May-01-2022,1.0715198349095902,1.0744019214966245,1.0669826452325895,1.068806885355957,19574667.973246194,34216749.53848512
Apr-30-2022,1.0720840603234432,1.0748585898348186,1.0688167157685664,1.0727919824486796,16420065.951091347,34263192.30604694
Apr-29-2022,1.0713595434545609,1.0729994913147447,1.0707137313795256,1.071478209100526,21010857.05056552,34275205.58298899
Apr-28-2022,1.068678002883884,1.0760116644433582,1.068678002883884,1.0712237439579118,24283615.654756762,34275728.311434
Apr-27-2022,1.0740685043582223,1.0744563019680597,1.0671685295386295,1.068678002883884,26054970.478282947,34226937.78037845
Apr-26-2022,1.081925418491566,1.08226482217384,1.0705348468060218,1.0740685043582223,22884593.6602451,34415050.01432747
Apr-25-2022,1.0913048434101253,1.0945780105839693,1.080812686700032,1.081990311101952,23184972.49423182,34765232.42571816
Apr-24-2022,1.100692481904937,1.1007790833467708,1.089880163921879,1.0915350371863766,7866274.0562369805,34994060.988227196
Apr-23-2022,1.099417007246065,1.1019979427283442,1.0983284789766334,1.100692481904937,4951744.257302824,35177186.39155235
Apr-22-2022,1.095823239107622,1.1016242651640051,1.0941564175877359,1.0988191606265327,9959690.875075877,35069813.630955614
Apr-21-2022,1.0918370939332933,1.1008459471803513,1.086963749306044,1.0951360183777537,15886495.91396383,34931059.60027016
Apr-20-2022,1.0924336488310509,1.1016194025309736,1.089664719720605,1.091653909591761,18449633.5665,34956399.57137492
Apr-19-2022,1.0886471159421935,1.095354146027756,1.0881403825546765,1.0924336488310509,24303933.1463388,34918929.101754054
Apr-18-2022,1.101111639620976,1.124183552974935,1.0803490509082427,1.0884431478055296,11088178.789036127,34964726.59357086
Apr-17-2022,1.090091274141429,1.1100318847573891,1.0736131349593572,1.1004729278177612,733021.3934416939,34731039.72961357
Apr-16-2022,1.099321147614785,1.1076695784789208,1.086581258324027,1.090091274141429,580858.2113903112,35139524.86919227
Apr-15-2022,1.0968434060878407,1.1068761291576226,1.0906346771506628,1.099321147614785,1576515.6689677285,35078494.563269444
Apr-14-2022,1.0913640756710266,1.0970256484918608,1.0849972640153907,1.0968434060878407,8022130.964962162,34910677.366743706
Apr-13-2022,1.1015110292831216,1.1050922573394701,1.088684664767787,1.0913640756710266,6145955.949815218,35095453.341108985
Apr-12-2022,1.0944964299617745,1.103180200790038,1.0917559613927887,1.1017143601339137,5712202.2236,35065358.55074228
Apr-11-2022,1.0935398628155877,1.099192947481073,1.0922392431643813,1.0944964299617745,6100530.148306283,35015618.94443971
Apr-10-2022,1.1009018978010687,1.1034790723033174,1.0927996403554463,1.0935398628155877,4414961.202017168,35154498.272639684
Apr-09-2022,1.101815063304566,1.101815063304566,1.101815063304566,1.101815063304566,4365890.488,35235171.98513482
Apr-08-2022,1.1023354926178228,1.103192822748609,1.0969923726614865,1.101815063304566,4840543.074116936,35182489.12996168
Apr-07-2022,1.104735418685794,1.1061856522307074,1.1013961605978142,1.1019358069214888,5783385.680129519,35307164.09617068
Apr-06-2022,1.1030617219061314,1.1081866166473642,1.1015914822503137,1.105700711207106,6332716.01457277,35341102.27118079
Apr-05-2022,1.1077375765054556,1.1082149265406027,1.1015860470998604,1.102580482748881,6270387.552090309,35362691.57816086
Apr-04-2022,1.113210116324259,1.1163077864876938,1.1071658058099825,1.1077375765054556,9605018.0389869,35569629.30204007
Apr-03-2022,1.1235368602486915,1.1239196083306526,1.112293786674311,1.113210116324259,6082602.709397399,35766056.068649456
Apr-02-2022,1.121210987014342,1.1255952239275422,1.119396443692633,1.1235368602486915,3960135.6499779415,35876793.949579686
Apr-01-2022,1.1230605101321671,1.1271026383532534,1.1206061397744966,1.1211672863046682,5505012.451058278,35946858.91057882
Mar-31-2022,1.1245312276291506,1.1245312276291506,1.120727940805483,1.1230605101321671,7384432.084721911,35889586.137344584
Mar-30-2022,1.130770854320505,1.134973643321874,1.1236030736723281,1.1242629855097126,3832433.648244697,36094973.62545257
Mar-29-2022,1.1255085325829308,1.1326191266492116,1.1247638164929978,1.131275509325721,6954321.624372483,36102264.641062215
Mar-28-2022,1.1195648614999616,1.1305038995439611,1.118144400579259,1.1255096278925711,4146537.6068262714,35917327.96172668
Mar-27-2022,1.1225804247670192,1.1359574588081787,1.1178201756395887,1.1195648614999616,3560707.28222402,35943133.64769241
Mar-26-2022,1.1186472420901226,1.1329331818108133,1.1151104160688103,1.122424042414071,2933461.683888393,35774850.2801295
Mar-25-2022,1.1185671974024303,1.123562884856445,1.1151305802993643,1.1193025712458293,2690263.252757653,35759051.44390214
Mar-24-2022,1.1230457192599677,1.133475075614752,1.1148352212944594,1.1181534876275006,2140560.533255538,35917737.49558541
Mar-23-2022,1.1218706439366746,1.129575030910154,1.1201513173510358,1.1230457192599677,2558795.161945871,35925130.763443604
Mar-22-2022,1.1244240264097274,1.1248496598930948,1.1151353802808528,1.1218706439366746,3364792.544154229,35805808.66048795
Mar-21-2022,1.122331555564618,1.1298106173502847,1.1207021329017353,1.1244240264097274,3012977.654796402,35994259.927369565
Mar-20-2022,1.1198973584244396,1.1262543256995108,1.1182939496586233,1.122331555564618,1861533.8961153126,35879740.74933617
Mar-19-2022,1.1296092966597153,1.1301031126322987,1.1191835940425212,1.1199399002907713,1513837.7108306123,35977038.423908636
Mar-18-2022,1.1309068252007328,1.1439508629001935,1.1252497437065911,1.129681183441532,1475933.4930116278,36224231.268412925
Mar-17-2022,1.128884223556224,1.1446635950374386,1.1186454453481223,1.130956264036129,2388193.940191021,36050521.38708781
Mar-16-2022,1.1302313796734826,1.1558892858368168,1.1184697461954602,1.128884223556224,2949270.9316351777,36063026.31782755
Mar-15-2022,1.114021474140936,1.154705960050026,1.1101664949326226,1.1302313796734826,2017448.1305139805,35980776.620337985
Mar-14-2022,1.121184581181471,1.1463629380410696,1.101447177268683,1.114021474140936,2338712.397694548,35771665.32296955
Mar-13-2022,1.0956882607151426,1.1511632267623806,1.0916624563632844,1.1208271520614588,2790194.291488009,35526706.77711386
Mar-12-2022,1.1127489530144892,1.113682843528158,1.0876052515331887,1.0956882607151426,752693.8143733974,35442357.78970358
Mar-11-2022,1.113450662887886,1.1351796036285635,1.106380663798241,1.1127489530144892,2600115.4205792877,35692516.26678926
Mar-10-2022,1.1202521076430332,1.1389705852594203,1.0831832955615985,1.113450662887886,7487761.721174658,35776251.51984032
Mar-09-2022,1.142328968382986,1.1745781875079015,1.0693313905611175,1.1202521076430332,3065490.5889224047,35701743.905784324
Mar-08-2022,1.1175012215308573,1.1870258696795002,1.115705548570723,1.142328968382986,1793283.0416238988,36532253.440157235
Mar-07-2022,1.1106627916099452,1.1243035863478592,1.1013033152299696,1.1175166503779128,2135709.356252917,35616384.555496566
Mar-06-2022,1.110345591754852,1.1213532446327168,1.0792386760978951,1.1103091692895917,4464894.973725119,35467092.02533939
Mar-05-2022,1.1182040129614992,1.1263167638581748,1.1016757538264832,1.1104242286043386,2275338.2991656815,35669499.20101757
Mar-04-2022,1.107791211717601,1.1196270937001884,1.0758811409109577,1.118076528622584,2338477.5173548297,35395037.32290438
Mar-03-2022,1.1242915830573088,1.1247223475600114,1.0644866040645007,1.107791211717601,2618659.724446517,35681199.79759131
Mar-02-2022,1.1253897566419317,1.1381258027427186,1.0984520989630764,1.1242248152040655,1851463.515799391,36058563.89702541
Mar-01-2022,1.1402081462384435,1.159036359147004,1.1175346549891454,1.1326176645285853,5092043.175474786,36364801.17902674
Feb-28-2022,1.1766196286116153,1.23708307466889,1.1384354612055363,1.1402128652156243,3329241.2753964844,37405803.3059055
Feb-27-2022,1.1408818018718445,1.2265259177471215,1.124315893495713,1.1771164848452964,2372399.667052926,36783457.05097715
Feb-26-2022,1.1492417041981748,1.1603720409066272,1.1222094386191406,1.1408818018718445,985730.640297619,36574967.767869204
Feb-25-2022,1.1540034958222267,1.16873583219199,1.1350794238036834,1.1467820964221769,1375598.1519792567,36831176.14541491
Feb-24-2022,1.1479730649855255,1.197150757613752,1.1478066148615007,1.1539097790310917,3984219.431295867,36954221.470807694
Feb-23-2022,1.1516197183664107,1.1524311036528083,1.107121240043761,1.1479730649855255,3856999.9762453404,36547364.178467706
Feb-22-2022,1.1652920108685243,1.1720525795074233,1.149301843678045,1.1514748566878525,2226396.3655960746,37190189.37951689
Feb-21-2022,1.1516461330038306,1.1652920108685243,1.1465391070464723,1.1652920108685243,3962027.6773195653,36965619.78725762
Feb-20-2022,1.1455556966270126,1.1693640401353447,1.1371951950412684,1.1507883412956696,1291854.5012540706,36938822.38125841
Feb-19-2022,1.1576951198391165,1.1580382657726247,1.1203830145570668,1.1455556966270126,852196.2066468254,36539936.21209315
Feb-18-2022,1.1545351840630171,1.1660352925991513,1.1411305336963715,1.156859638312399,950287.0932849265,36959058.269252665
Feb-17-2022,1.1255352788729527,1.1581854736119443,1.1059228236570038,1.15544940400997,957210.6717550572,36262503.30222539
Feb-16-2022,1.1671749212446219,1.1682068579596037,1.105160850360663,1.105160850360663,1716297.5467780218,36741256.45403214
Feb-15-2022,1.2017389801958047,1.2024438700853661,1.1495476462602714,1.1671749212446219,7094464.105877793,37477797.78561952
Feb-14-2022,1.1720380936556767,1.2267289668076697,1.170918981816429,1.2017389801958047,3837899.9977305676,38350893.878445946
Feb-13-2022,1.1592866036425813,1.178004654515949,1.1357224165638184,1.1720380936556767,2517272.4590783855,37056625.92452154
Feb-12-2022,1.1591547106896565,1.1698816029356276,1.1477970910029505,1.161663831709702,972942.2074493027,37144578.94128956
Feb-11-2022,1.1612191230534064,1.1661183135225643,1.134507962571894,1.1591547106896565,1089042.9393415456,36933302.41369132
Feb-10-2022,1.166495356397859,1.1718582501452766,1.1247108925977138,1.1612191230534064,2030398.1788352511,37175442.009313986
Feb-09-2022,1.1677019744791282,1.1831836057085887,1.1467823045903283,1.1467823045903283,1246033.413158822,37415407.449421376
Feb-08-2022,1.187430841174447,1.1960120404089198,1.1380450042778731,1.1677019744791282,3798870.7938775206,37696940.943106614
Feb-07-2022,1.1868104064349674,1.1975715663613198,1.1415082454542436,1.187850648743638,1475763.9905887395,37676752.06547796
Feb-06-2022,1.1820613154270296,1.2075981184176852,1.1766124314130464,1.1868104064349674,1169177.234161048,37963233.722028896
Feb-05-2022,1.1691784106100203,1.1812682651017976,1.1602634328389936,1.1812682651017976,1037063.1962932788,37491024.852350585
Feb-04-2022,1.2084372884981385,1.2135371882799093,1.1716869774965781,1.1716869774965781,3469115.8037022306,37989074.10548311
Feb-03-2022,1.1743183976210056,1.209663272279965,1.148590947240064,1.1911444069140855,3535495.1051306594,37779938.06872501
Feb-02-2022,1.1273488083705714,1.1742483392024607,1.1106978689971514,1.1742483392024607,4966380.587777235,37205250.41542957
Feb-01-2022,1.1748833322341892,1.177420550380517,1.1281140284492572,1.1687279188595099,5967709.157602397,37197185.13475475
Jan-31-2022,1.1661583134915785,1.1806150780830604,1.1422702495091621,1.1772732922856544,4770878.084200605,37279999.06766167
Jan-30-2022,1.141164979695643,1.166255944862197,1.1107248875671092,1.1660608454841777,8180223.083291623,36802078.49602283
Jan-29-2022,1.1518632429321618,1.1521525575919702,1.114780814510689,1.1315780646907405,1344268.3699553574,36640779.39054051
Jan-28-2022,1.1552088300667103,1.161094081782879,1.138078261711315,1.1518632429321618,2657711.5791336945,36908661.074705616
Jan-27-2022,1.1525409706133578,1.166442411270828,1.133571010659459,1.1556399964733814,5774028.315780987,36881518.139675096
Jan-26-2022,1.1590550319593633,1.161539619724609,1.11150836823681,1.1512791152171098,2696291.459677042,36775298.66730255
Jan-25-2022,1.1662612254640505,1.1767838821194596,1.1437190844014107,1.1437190844014107,2024405.0576620067,37363994.19237292
Jan-24-2022,1.1710103951128448,1.2343250155959808,1.1552434434967966,1.1666192717425732,2947578.8518010583,37605684.63815686
Jan-23-2022,1.1749235691974595,1.1776115029143162,1.103158444759493,1.1544623261355689,3260809.980702871,37313768.83181028
Jan-22-2022,1.170700098749978,1.1756883888870222,1.125293758858111,1.1749235691974595,6957999.460698348,37297601.65288525
Jan-21-2022,1.120491820538475,1.171122876647249,1.0728295200698506,1.1706532865948274,8954627.909357537,36634633.12728153
Jan-20-2022,1.1683221882600068,1.1705235614917437,1.070530787210879,1.1179680895783266,2702716.8937799316,36627235.100778006
Jan-19-2022,1.1738448621642579,1.179528825243503,1.13728751390061,1.1683221882600068,2526216.017273877,37460870.479876816
Jan-18-2022,1.174391038116996,1.1826380388304518,1.1365520178591426,1.1738448621642579,2451155.0651248624,37533006.270202644
Jan-17-2022,1.1398118123249577,1.176805455000907,1.1362915014386512,1.174391038116996,1464446.193336445,37032837.560574226
Jan-16-2022,1.1626125587953637,1.1629081358551945,1.1290808439769713,1.1394746184729472,695685.8109910899,36745629.341092564
Jan-15-2022,1.1751887695840317,1.1767577117907346,1.147624059035504,1.1626125587953637,1257409.871396224,37415995.751127385
Jan-14-2022,1.1656468090755008,1.1771605041549096,1.1519062714396178,1.1751887695840317,848121.0413726439,37327266.3400331
Jan-13-2022,1.1666687001675344,1.1702220735704179,1.1298952622855003,1.1632825353239247,1018946.0374522752,37133257.403968975
Jan-12-2022,1.1711823055794912,1.1761569804308487,1.137625244042339,1.137625244042339,1361460.6288609565,37415934.458603844
Jan-11-2022,1.169885107954304,1.1759835138988466,1.139566838815883,1.1711504821408332,968965.5132578441,37320622.68919735
Jan-10-2022,1.174334810134018,1.174334810134018,1.1198651939050048,1.169885107954304,1547150.8731203063,37299068.456505746
Jan-09-2022,1.1460146631015153,1.1751771001646376,1.1066720758527215,1.1742663943833096,1896097.118972921,37190337.23096606
Jan-08-2022,1.1711088998573969,1.172883700458863,1.1099620364727911,1.1460146631015153,485657.7123772392,37122229.18537265
Jan-07-2022,1.1511114581239066,1.1721581365098714,1.1061530275498683,1.1711565406400506,480943.3108299968,37163567.29355308
Jan-06-2022,1.14861857828438,1.1613075308265188,1.0966224532091569,1.1505610753264266,359044.62665760284,36657401.68598816
Jan-05-2022,1.1584360529638145,1.1584360529638145,1.0594507492145961,1.1211630384792381,435050.457111369,36256132.49795163
Jan-04-2022,1.1734662484861087,1.1744304095114786,1.091582536458513,1.1584360529638145,1069705.7684543019,37287464.11859762
Jan-03-2022,1.171906748043832,1.1750112952313547,1.1173394322011936,1.173502566485719,1088690.2292412552,37345215.66663433
Jan-02-2022,1.1806541054566144,1.1816430014675503,1.1151081213313263,1.171906748043832,3466217.9589426303,37596682.91863105
Jan-01-2022,1.1794714927277408,1.18421567795969,1.142690069356797,1.1806541054566144,1958249.5607584745,37646674.90396391
Dec-31-2021,1.174525747016518,1.1902405897829993,1.1202829232579279,1.1792474999474551,1214844.3389324779,37408954.888914
Dec-30-2021,1.167968569675468,1.1767860346442154,1.1147821854231892,1.1745871019669296,1666014.6106733438,37474242.01489598
Dec-29-2021,1.1625178332339523,1.1741788794092596,1.1238887823100363,1.167968569675468,575953.0398934736,37333026.6293446
Dec-28-2021,1.1606352466531649,1.171561786695001,1.1184777611159742,1.1623565667969813,615174.1018005651,37164226.64471661
Dec-27-2021,1.1712867437642542,1.1760308411725195,1.1093740384669908,1.1605003292758687,1182045.5716279955,37226518.6661922
Dec-26-2021,1.1720050995672693,1.1732337916172453,1.1462323391578608,1.1714428431352784,686571.7070617606,37327034.53406592
Dec-25-2021,1.144085347262673,1.173970717258039,1.135835248522829,1.1720050995672693,1007884.9261123626,37409183.24403336
Dec-24-2021,1.1670745600624142,1.17381344812165,1.135097891098058,1.1488297206034115,550601.8483522322,37307001.298154786
Dec-23-2021,1.175789845261533,1.1866547257999316,1.1401351235724475,1.166948856587422,1168060.0074683477,37505635.00902106
Dec-22-2021,1.1694520184710473,1.1795382376015076,1.1216776182318797,1.1755076193160237,4054775.6065362915,37383131.84470321
Dec-21-2021,1.168667495589162,1.1731699434112086,1.1276333484199499,1.1706928679815711,4084707.131818435,37298037.71207473
Dec-20-2021,1.165988588641767,1.1816463053607325,1.1436646877518712,1.1686372086358283,3139756.750658809,37407069.87516616
Dec-19-2021,1.1620671926280723,1.1695392093986499,1.1200824421848126,1.1658808927918625,2991947.48603125,37062638.103414215
Dec-18-2021,1.1679226187105627,1.1727423463994746,1.1425694523530339,1.1635421126822594,1929978.085085055,37286233.40364223
Dec-17-2021,1.1677646646951547,1.1717579673020675,1.1250965177696564,1.1679226187105627,4050139.246767325,37277318.092431895
Dec-16-2021,1.1712934901035394,1.174931650188803,1.12099867544602,1.1677646646951547,12837152.23440457,37347146.09399412
Dec-15-2021,1.1654762054731678,1.1787347675140853,1.132465729503402,1.1717272491397626,6981576.099158378,37290107.11978561
Dec-14-2021,1.1643446865449112,1.1688496551453018,1.142214402034478,1.1654762054731678,2804309.0702182115,37213352.49284746
Dec-13-2021,1.1408317499586413,1.1654880014082154,1.1098525578615863,1.1637984546229676,1499104.830380876,36785167.77310443
Dec-12-2021,1.159335377235876,1.1621584904044773,1.102196250226631,1.140750526594584,1144519.831433406,36781024.61081926
Dec-11-2021,1.1727222755717583,1.1763544580204848,1.1563518572096696,1.1625479444552431,999941.2926321505,37225528.37311203
Dec-10-2021,1.1377690602817279,1.1737740720403207,1.1338447420912168,1.17139352137,1116182.9457794991,37007380.94527765
Dec-09-2021,1.1577226281198272,1.160715771833434,1.1173944318075126,1.1521912234914908,2259505.7557701617,36887539.11528081
Dec-08-2021,1.1600195032814822,1.1630238926757483,1.1146140388796004,1.1578338261175534,4446810.790329712,36973600.715467736
Dec-07-2021,1.1558139000897745,1.161533514497247,1.1169790455023183,1.1603098883663452,5192292.82726417,36945542.95704689
Dec-06-2021,1.1670972373894595,1.199186162477885,1.147963129362713,1.1557365151645087,2453754.768069086,37356967.934826106
Dec-05-2021,1.159009599723094,1.1703473608604313,1.1249296480166913,1.1666554386591017,1389917.2313935277,36877908.27729629
Dec-04-2021,1.1385961962303546,1.183803133983527,1.1162143485027567,1.1594001597699946,1856730.2959054417,37071384.44929668
Dec-03-2021,1.1415245960618199,1.158605884535918,1.0581390254837777,1.1385961962303546,1388493.8394868553,35855867.34801116
Dec-02-2021,1.1572493503600951,1.1668053683405577,1.1056200830928526,1.1425956937370034,1204452.0942402666,36881337.251268856
Dec-01-2021,1.167166517310387,1.167166517310387,1.1324138319629036,1.1451780590075629,2834366.8442009278,37149125.58383925
Nov-30-2021,1.159043321220991,1.169435484629541,1.143637896595943,1.1668439543612623,2598262.8319462454,37169644.82370289
Nov-29-2021,1.1583515907316864,1.169199178342294,1.1272496085457642,1.1588935882764735,2460832.801552084,37018016.59281767
Nov-28-2021,1.1646989294932508,1.1946407514265578,1.1583841065902247,1.1584862681576211,1782090.721922002,37313211.732389145
Nov-27-2021,1.1591197614658182,1.1712417597539917,1.1370862755305673,1.1648226780672595,1978820.331547461,36940310.98227517
Nov-26-2021,1.1506583842651472,1.16102438377772,1.1021084607905778,1.1591197614658182,3422651.9310509767,36849589.072880104
Nov-25-2021,1.1541032405125289,1.154136646541279,1.0956028231924162,1.1506895954970213,3866054.8223770577,36667314.50194914
Nov-24-2021,1.1451545628645,1.159774080365884,1.140157967049118,1.153775674126104,7400551.224622198,36768485.922076195
Nov-23-2021,1.1539233490222343,1.156665134501314,1.1308258702587841,1.1373544070265844,4184312.6685460526,36700772.86314619
Nov-22-2021,1.1533544667395264,1.1555355281887196,1.1202409875930373,1.1546516589361133,5287784.266014318,36805416.29040961
Nov-21-2021,1.1306738449732676,1.1603174249979635,1.1113378379246013,1.153011694844242,3845505.155930105,36713366.224484235
Nov-20-2021,1.160656002005945,1.1688104388115663,1.1372816386438467,1.1533965547988696,3820963.0381150343,36965125.24041241
Nov-19-2021,1.1632587854800691,1.1735442066662458,1.1409448874873875,1.1580219689728575,2870503.4918116075,37139542.34040968
Nov-18-2021,1.1584495770906462,1.1632918868215503,1.1092538554255809,1.1628648243730078,3714647.381192017,36936830.28090969
Nov-17-2021,1.1618955949673788,1.1663075217582233,1.113328578318038,1.1587534703635005,6900032.541250641,37080448.48012385
Nov-16-2021,1.1599825354372018,1.1643950988855565,1.1270862184210426,1.1618955949673788,7818104.461673426,37014094.70796484
Nov-15-2021,1.160485742206203,1.1641795853350845,1.1045186715042223,1.1601939087793367,4213131.948648556,36848293.857747465
Nov-14-2021,1.1701015664817165,1.1776685986780504,1.1438104826607827,1.1602635207862997,3808445.333736803,37416323.52406254
Nov-13-2021,1.1590491548956943,1.1760996726857047,1.1465228538502648,1.1701015664817165,2425933.2772038933,37316988.071509756
Nov-12-2021,1.160812205273955,1.1838428722860805,1.141613986535295,1.1621786878668874,764495.2909400053,37075482.80695253
Nov-11-2021,1.1707622423432,1.173416042805688,1.1431075972402787,1.1593833919435437,2166831.821278726,37278628.86720559
Nov-10-2021,1.1709598434028465,1.1771939351856844,1.1240596211474565,1.1707622423432,3252487.3193736114,37317310.49717662
Nov-09-2021,1.1741351903233221,1.2022876256693045,1.1423939198430366,1.1705909502590768,1458043.5024134426,37373982.604290366
Nov-08-2021,1.196347821759239,1.2043651677701426,1.1703828215430425,1.1724664334957087,1176728.2474707623,38005977.08901416
Nov-07-2021,1.1822006478620537,1.2192761181275185,1.182056962078733,1.196347821759239,1650968.5507934936,38113303.68212298
Nov-06-2021,1.1801127795327135,1.19370014215052,1.1785489629433143,1.1822006478620537,1362736.844764021,37830929.737570725
Nov-05-2021,1.171839744546522,1.1824374563458246,1.1626287784637925,1.1801127795327135,1584019.0162759805,37577839.55072312
Nov-04-2021,1.1661274809077977,1.1830298181010632,1.161309124562429,1.1780846129150637,2049704.6539279313,37645636.18185746
Nov-03-2021,1.1825114657089923,1.183306370627628,1.156713350832096,1.1754638751844242,2659227.2095078127,37653145.28738244
Nov-02-2021,1.1889880533604067,1.2065341990521803,1.1624976202109103,1.1757194904746437,2847398.4239927162,37895783.543304466
Nov-01-2021,1.1745643707740696,1.213618246755482,1.1714044299586714,1.1892462145398282,2011570.9304361164,37960464.27191645
Oct-31-2021,1.1728994737160254,1.1956642078073245,1.1571904773049413,1.1749894622356536,731956.2579252889,37690021.220383465
Oct-30-2021,1.1746869717746107,1.1836236073268847,1.1561294360885226,1.1728994737160254,709744.6791976903,37489148.93896928
Oct-29-2021,1.2030189401762226,1.2032653570244163,1.159080054999093,1.174754102247411,2479563.0740141827,37690907.62502168
Oct-28-2021,1.1864057521475275,1.2026978364938596,1.1790840005869196,1.1815148715013035,3948407.190593513,37933870.956285685
Oct-27-2021,1.1816121057661684,1.1961407227215537,1.1620759063294033,1.186303502673164,9597798.94148091,37850883.162350334
Oct-26-2021,1.175036437744708,1.1957963526155606,1.1482925312824654,1.1816859944777482,3171733.3627063,37507494.48550913
Oct-25-2021,1.1846930130441347,1.188634971576287,1.157247903985543,1.1750640289860173,1244363.1358259288,37720937.78268274
Oct-24-2021,1.169735169474839,1.1887181310070143,1.1690186270813276,1.1844940727106343,1028324.8820373642,37818255.51606636
Oct-23-2021,1.186390769192993,1.1893755899316776,1.1641981504755377,1.1745028821570849,1009688.414250498,37738472.72629878
Oct-22-2021,1.1864328559299189,1.1897781706717512,1.1544863360258013,1.1866359381164913,2393363.0233635865,37869115.14595459
Oct-21-2021,1.1816178240811703,1.1874313909417349,1.1542204690790752,1.1867136627724633,2651823.4799156003,37806298.56689141
Oct-20-2021,1.1899260694784226,1.1904300408290034,1.1543013764983874,1.181903389796053,1991300.1020972764,37902884.16349994
Oct-19-2021,1.1920102779956303,1.196972062685375,1.1826287868403578,1.1895206531854638,2249927.6698801676,38081286.83922504
Oct-18-2021,1.1855970484839904,1.1950839100896458,1.163150410202483,1.1920542327769899,2573536.2093397635,37990725.17704818
Oct-17-2021,1.188894301734329,1.2082964686660786,1.1722304192481858,1.1852574994574687,2273138.7369406614,38071807.61057321
Oct-16-2021,1.1859067465941626,1.1893568358202986,1.159193184614565,1.1890317570345703,2971007.090373756,37889602.58846927
Oct-15-2021,1.2327787381261075,1.258269193734316,1.1597103772444886,1.1859960138440682,2388650.5475195316,38292437.30610938
Oct-14-2021,1.1829906015594371,1.265342330983006,1.1609048682871081,1.231365083338368,1802194.696924361,38563280.23011103
Oct-13-2021,1.1884708925644942,1.221144068258681,1.177066178823561,1.1831572049383938,5037860.389495894,37997331.17410203
Oct-12-2021,1.1776804866398658,1.2024533190634037,1.1295830435224121,1.1830567631961317,3985954.373572303,37574031.04501565
Oct-11-2021,1.1895537075114961,1.208710932262324,1.1465826301886026,1.177866092891981,5221727.912482979,37742891.47937927
Oct-10-2021,1.1773250868185106,1.2079891618471899,1.1672141973242172,1.1895537075114961,2612700.9333127397,37940313.212632455
Oct-09-2021,1.181992645705614,1.1873462830609505,1.1658276678885489,1.1749679538217606,1201159.693569707,37693439.47593831
Oct-08-2021,1.17709322646818,1.1879113453568613,1.1606327889568895,1.1822315554685199,1310691.9285325855,37673996.311207324
Oct-07-2021,1.1648921224586266,1.2004682654244851,1.1572535555051109,1.17709322646818,1736766.8101087695,37663848.27486823
Oct-06-2021,1.254879862239195,1.254879862239195,1.1529301620150927,1.1648921224586266,1953235.7115077844,38424569.56739419
Oct-05-2021,1.2099248389156552,1.2786758447458346,1.1798953740453177,1.2392605779110677,1836665.9474486609,39104414.63237002
Oct-04-2021,1.194025969758697,1.2349815285878762,1.1914172888336991,1.2102222136421457,1315752.2877455684,38631705.989603534
Oct-03-2021,1.188311544607984,1.1981940178465802,1.1693916414662937,1.1937139847875675,3877411.4800804574,37871745.01877327
Oct-02-2021,1.1774745503722093,1.1938673289724684,1.1687255224398718,1.185933811993896,4518083.787672852,37909202.43077754
Oct-01-2021,1.2294591977667044,1.272128204359788,1.1744523708152366,1.1773524921705274,1767095.3920853366,38595227.49568602
Sep-30-2021,1.188322593149234,1.2819985909026574,1.1741042486372366,1.2289057970531676,2122091.095001278,38819653.046551704
Sep-29-2021,1.1872966147968642,1.2201162505026106,1.179412674759368,1.188322593149234,3057673.960900965,38049865.855753556
Sep-28-2021,1.1749293394980802,1.199767044377685,1.162151722636812,1.1872966147968642,1165986.8990665283,37879881.53798179
Sep-27-2021,1.186111409547854,1.186111409547854,1.1526868458842259,1.1749293394980802,1554627.8907839754,37675454.965226874
Sep-26-2021,1.1971892716839587,1.2186391438651771,1.1778417735280413,1.186111409547854,1742162.1069552004,38153090.11626239
Sep-25-2021,1.1922272140475294,1.2080496286343227,1.1686742335431706,1.1967329415465242,1901009.3752278846,38157829.947109476
Sep-24-2021,1.183743076403278,1.209975094611091,1.146152692651159,1.1922865101915647,2524205.3952441863,37951893.21324346
Sep-23-2021,1.194682324386062,1.2018078162840533,1.148374083417436,1.1832807893017292,3044856.166404541,37870413.33590746
Sep-22-2021,1.1938144237489923,1.2214950771699176,1.1911967397140746,1.194564028373913,2391986.249746528,38231467.5779933
Sep-21-2021,1.184680342571072,1.222319946605194,1.170623459449902,1.2212012322369286,3720229.157007784,38013660.11286412
Sep-20-2021,1.166932227922695,1.1874103656970083,1.1060705285115535,1.1844613448849288,4700724.100010376,37525132.173045695
Sep-19-2021,1.1784884938273281,1.1795445573533532,1.1200971540097788,1.1667666065240108,3274058.0674984083,37329004.68633768
Sep-18-2021,1.1861088898700203,1.1959887639424893,1.17368717283556,1.17368717283556,1864157.074091041,37817962.80151889
Sep-17-2021,1.1844319426036292,1.2130891329284859,1.1817514156910371,1.1965946313959883,1833605.1463320921,38056193.59278722
Sep-16-2021,1.189265202467,1.19780180631207,1.181521133714392,1.1846451838847192,1661810.5984855278,37980290.26524488
Sep-15-2021,1.190299846448931,1.2204879831005622,1.18006297991566,1.189265202467,3064927.1219939273,38109283.57081572
Sep-14-2021,1.1958202306253647,1.218646371228754,1.1900415701654097,1.190299846448931,2136841.6409765338,38249330.54921283
Sep-13-2021,1.1857831260444043,1.22966288269377,1.1721745363770926,1.1958202306253647,2537010.2801012076,38225469.16471312
Sep-12-2021,1.1984919368724363,1.2072654184758291,1.1595060995528648,1.1855670415986674,5374807.213485081,38009588.19054628
Sep-11-2021,1.1932533218780512,1.2098771361729932,1.18334376110277,1.1985991480793863,9271266.738062749,38285559.292658985
Sep-10-2021,1.1844033403113345,1.2037202834315184,1.1788164526351517,1.1965586255600642,3697564.848010579,37964617.35961348
Sep-09-2021,1.1931123147649585,1.2102627070069745,1.175420586268661,1.1836121057342708,2230667.215123616,38046034.64809009
Sep-08-2021,1.188073095943586,1.226287610562918,1.1777383645475001,1.192345264597718,1844111.8627394252,38166816.645076156
Sep-07-2021,1.174659667825202,1.2043626442138378,1.1415442621293095,1.188073095943586,2577455.168037088,37693122.94310365
Sep-06-2021,1.2079351148014499,1.2303394237704277,1.1367944450671026,1.1488192566392832,2091676.258765625,38090034.94059814
Sep-05-2021,1.2114949618223758,1.242765286785998,1.2024643709074907,1.2079351148014499,1984981.1885878472,38792373.27352638
Sep-04-2021,1.2058676746048154,1.243497726918527,1.1854484315500382,1.2134382403581363,1491843.8748711087,38551503.34556114
Sep-03-2021,1.2083836045467191,1.230376191650316,1.1818686875330362,1.2058676746048154,1211250.9929665346,38564815.08327922
Sep-02-2021,1.204058323793955,1.225074855563119,1.1915605920758956,1.2144763010806732,2458470.980417014,38578405.36523365
Sep-01-2021,1.203729784006982,1.2493170788556711,1.2033658907788674,1.2040548273069778,3666566.3323956807,38734836.68174229
Aug-31-2021,1.1957672087141755,1.2313956730796216,1.1926310114254561,1.2029695626697654,2264568.590864205,38385907.16702604
Aug-30-2021,1.1826969342786537,1.204561570296684,1.1767628319627907,1.1957178586635773,1865545.4796116604,38076444.16936274
Aug-29-2021,1.1951090057471323,1.2017291061581843,1.175592845063682,1.1826969342786537,1635374.1554168751,38082838.74539089
Aug-28-2021,1.1949417243709348,1.2054107776785625,1.1896640288595202,1.1957287139840072,2219250.33990625,38207653.98992745
Aug-27-2021,1.231789695212923,1.234933625308611,1.193680509313502,1.1950027733467976,2316868.283278745,38527927.042085394
Aug-26-2021,1.1699417422870675,1.2305223013882707,1.1667605297826116,1.2305223013882707,1701998.536000705,38318761.97070861
Aug-25-2021,1.1984632941700588,1.2183758528955573,1.1660962890491204,1.185588575599957,2892307.2656775294,38008099.202229135
Aug-24-2021,1.1869272663971533,1.2129562836224785,1.1676151760653581,1.1986238483638723,2529303.173112736,38080655.23638937
Aug-23-2021,1.1915272171286426,1.1973538962100962,1.180348618928038,1.1873086912374635,3993061.2508955286,38004113.07113707
Aug-22-2021,1.1955462552742524,1.2142853723882308,1.1901698001744299,1.1901849265011533,2240141.1790264705,38316953.99237503
Aug-21-2021,1.191441642178553,1.196987546837746,1.182795136187937,1.1955462552742524,1760033.4895583694,38073367.9559779
Aug-20-2021,1.198744821563026,1.2228465704726912,1.1912536663991167,1.191441642178553,2232587.5040101907,38431159.046911545
Aug-19-2021,1.20274790110884,1.2308626513590437,1.1978604151141996,1.198744821563026,2481772.7232160405,38563520.00522445
Aug-18-2021,1.200352903018138,1.202872680384256,1.1801700289762393,1.2009303064901027,1667528.3462041768,38173300.138610445
Aug-17-2021,1.1817955892307046,1.20054243695254,1.179025706215627,1.200352903018138,1534249.3482591463,38108726.498032875
Aug-16-2021,1.19646950690338,1.202023926195193,1.1751842521833613,1.1843608478905212,1119815.6310343167,38059255.108041614
Aug-15-2021,1.2052370557039933,1.2152339887497854,1.1964566538905925,1.1973394022037624,1992878.6094908537,38582843.13213697
Aug-14-2021,1.198635601559621,1.2087278295849555,1.17371301541333,1.2052370557039933,1055887.952253233,38201371.42439386
Aug-13-2021,1.2219740397997858,1.2531801288201916,1.192655635275781,1.1986588086490928,1301818.2833125,38798894.7787394
Aug-12-2021,1.1902477315302997,1.2242886086008435,1.1814686483257073,1.2219740397997858,1473158.5514214528,38628283.177298166
Aug-11-2021,1.200245545698391,1.2047073311393075,1.1737450099809354,1.1902477315302997,1410043.672456455,37981340.02755019
Aug-10-2021,1.1989410043902562,1.2165602840800436,1.1877847406253896,1.200245545698391,1193252.8710579772,38473275.67978114
Aug-09-2021,1.2422317330950885,1.2515403340844509,1.1839922108279648,1.1986530415033085,1262319.750209375,38868004.258805595
Aug-08-2021,1.1862111844896917,1.2531971971565308,1.1713736239504413,1.2422317330950885,732712.6282840335,38715231.622097425
Aug-07-2021,1.213205,1.233595,1.1862111844896917,1.1862111844896917,1172122.5908125,38759666.06974514
Aug-06-2021,1.2234,1.274375,1.213205,1.213205,2391761.5501164505,39215526.63714927
Aug-05-2021,1.2234,1.2539850000000001,1.213205,1.2234,1273939.1692781108,39361387.56589108
Aug-04-2021,1.2234,1.2386761294362243,1.20301,1.2234,1149577.6532194011,39063170.3144911
Aug-03-2021,1.213205,1.2234,1.192815,1.2234,2439147.007687358,38816126.88102251
Aug-02-2021,1.213205,1.2234,1.192815,1.213205,1239705.4507230176,38462806.795036465
Aug-01-2021,1.20301,1.2161924963354773,1.1622299999999999,1.213205,1869178.4101258642,38353742.4344399
Jul-31-2021,1.2234,1.224891080197251,1.192815,1.20301,1370353.1461893846,38851325.66054671
Jul-30-2021,1.233595,1.26418,1.2234,1.2234,1817561.0098466799,39719293.53692097
Jul-29-2021,1.213205,1.233595,1.192815,1.233595,1873123.0719007675,38861474.96512064
Jul-28-2021,1.213205,1.2234,1.20301,1.213205,1175901.756659867,38693021.51075611
Jul-27-2021,1.233595,1.26418,1.213205,1.213205,885055.7369157609,39679020.588732
Jul-26-2021,1.2234,1.233595,1.172425,1.233595,912339.8136856193,38329749.10978513
Jul-25-2021,1.2234,1.315155,1.2234,1.2234,1713690.0604990101,40067987.37738822
Jul-24-2021,1.213205,1.2234,1.192815,1.2234,597782.3376391783,38730671.53015631
Jul-23-2021,1.2234,1.2539850000000001,1.2131598522411855,1.213205,612786.1391482741,39347671.944497295
Jul-22-2021,1.213205,1.2234,1.192815,1.2234,553340.1567511364,38633980.15269952
Jul-21-2021,1.2539850000000001,1.2539850000000001,1.192815,1.20301,610592.7880856165,39088963.24863472
Jul-20-2021,1.18262,1.26418,1.18262,1.2539850000000001,618561.3736313345,39358795.94923232
Jul-19-2021,1.213205,1.2234,1.172425,1.18262,858285.1689956996,38146851.87035942
Jul-18-2021,1.213205,1.2234,1.172425,1.213205,814331.5246735492,38307898.84173921
Jul-17-2021,1.213205,1.26418,1.192815,1.213205,638404.3450028533,38760256.56576429
Jul-16-2021,1.192815,1.24379,1.192815,1.213205,700776.3986838236,38874419.251214445
Jul-15-2021,1.213205,1.233595,1.18262,1.192815,486310.83733964205,38636868.40669963
Jul-14-2021,1.228776448658838,1.233595,1.211274711136653,1.213205,97060.9532680545,39194686.60323846
Jul-13-2021,1.2234,1.233595,1.213205,1.233595,70858.75178817104,39307578.37751352
Jul-12-2021,1.2234,1.2234,1.213205,1.2234,96614.3248436415,39055475.08212836
Jul-11-2021,1.213205,1.233595,1.20301,1.2234,64510.419921947345,39050053.948268
Jul-10-2021,1.2539850000000001,1.2947650000000002,1.1418400000000002,1.213205,4230.745939680693,38767603.23806964
Jul-09-2021,1.233595,1.24379,1.20301,1.213205,12468.179274570935,39321807.44279099
Jul-08-2021,1.213205,1.233595,1.2094247960032012,1.233595,68835.48938503837,39082903.257788785
Jul-07-2021,1.2234,1.2234,1.20301,1.213205,39384.05530931157,38904615.20779405
Jul-06-2021,1.2234,1.233595,1.2234,1.2234,56619.675583930126,39234667.804343775
Jul-05-2021,1.233595,1.24379,1.2234,1.2234,69671.97599387904,39456648.37620368
Jul-04-2021,1.233595,1.24379,1.2234,1.233595,62322.05288534111,39494593.27121326
Jul-03-2021,1.233595,1.24379,1.233595,1.233595,41738.86252751048,39591868.80653173
Jul-02-2021,1.2234,1.24379,1.2234,1.233595,49488.20026393821,39359967.78093383
Jul-01-2021,1.226224188875703,1.2845700000000002,1.213205,1.2234,66869.10335327726,39150072.48227207
Jun-30-2021,1.233595,1.233595,1.2234,1.226224188875703,395995.6188114389,39380530.67034718