Apr-30-2022,78.1463255425695,82.35046801276744,77.34859466089826,82.2711,2912370198.0215054,27670034862.76741
Apr-29-2022,85.10375868237053,86.2824,76.7116,78.38195414277845,2341130507.111111,28692395844.93357
Apr-28-2022,89.0934,89.55571274134942,84.2544,84.90255379967101,3124456587.5555553,29868862468.200253
Apr-27-2022,89.0394,92.2503,87.4506,88.6656,2741257378.909091,31001220369.779633
Apr-26-2022,88.43,90.5279,87.62365504961627,89.06556902991845,3903270783.111111,30791975356.410122
Apr-25-2022,96.84744354937946,97.24889430892114,86.9458144734395,88.30397370618971,4105704519.111111,32453390047.67149
Apr-24-2022,90.50689669525384,97.2659,87.5699,97.06952797362614,3323104818.3972125,31858416155.07059
Apr-23-2022,89.2624,92.2238,88.9418,90.42830624591608,1985675825.3333333,31736256042.332554
Apr-22-2022,93.5338,93.9491406910076,89.32303266843905,89.3454,3119045138.6666665,32232982225.220737
Apr-21-2022,90.67972695393523,96.64794575096465,90.67972695393523,93.6804,3067923342.3847055,32911747580.613335
Apr-20-2022,94.8643852325444,98.99775207076398,90.0211465640679,90.61326476983186,2161614646.29619,33671504382.622395
Apr-19-2022,95.71395938869361,96.66328339045616,94.10055427556503,94.8643852325444,2285215171.1032224,33632458936.98134
Apr-18-2022,91.15005208945713,95.71395938869361,88.88985144708298,95.71395938869361,3047688439.41138,32482458912.47263
Apr-17-2022,77.42162559120054,91.15005208945713,76.0567239122081,91.15005208945713,1930855168.5262434,29171944612.93539
Apr-16-2022,81.05254030215846,82.35912717051168,77.42162559120054,77.42162559120054,896285406.9857262,29013298530.88109
Apr-15-2022,80.3496141479117,81.71725433568842,80.3496141479117,81.05254030215846,1005708595.2584913,28983209928.501484
Apr-14-2022,81.67575260339214,82.29697574655827,80.13367732606996,80.3496141479117,1654822323.651722,29261104862.64431
Apr-13-2022,87.85150957526314,89.68287886949794,81.1020811418243,81.67575260339214,1910793928.8804877,30653513858.206062
Apr-12-2022,84.57206595034742,87.85150957526314,83.6749649894383,87.85150957526314,2084736569.2488546,30288847280.277626
Apr-11-2022,82.39863959874687,87.98275939405177,81.63312146949616,84.57206595034742,2897157338.1205654,29867398335.643265
Apr-10-2022,92.58947577407795,92.58947577407795,81.42868700469793,82.39863959874687,2436331698.1435323,30864494529.77307
Apr-09-2022,97.23776575054052,97.23776575054052,92.58947577407795,92.58947577407795,1605370824.2040865,33697769138.329624
Apr-08-2022,94.29481479834868,97.23776575054052,93.15260709087508,97.23776575054052,2948451430.1985426,33566042890.126358
Apr-07-2022,103.4813137406892,105.96033979369044,94.29481479834868,94.29481479834868,2984766031.227033,35748845139.90099
Apr-06-2022,107.75930742004698,109.27912945904961,101.88632644557282,103.4813137406892,3193458988.892695,37229919637.5961
Apr-05-2022,116.2920320424107,117.6585822907793,107.10825157002706,107.75930742004698,3183372908.4490027,39622875789.87093
Apr-04-2022,116.46469569660715,119.0074818741826,115.06743540988104,116.2920320424107,2579393276.5560684,41052466925.28028
Apr-03-2022,112.95780735683275,116.86960331784029,110.31047216342179,116.46469569660715,2125683203.0034091,40031438420.29551
Apr-02-2022,115.39050518516812,117.38106603044288,112.17084637820598,112.95780735683275,2766435636.636202,40422198005.386734
Apr-01-2022,105.74062014785123,116.04161397604938,105.74062014785123,115.39050518516812,2367186315.285074,39328735618.27968
Mar-31-2022,103.13665492937098,107.31943361194256,99.23681282781928,105.74062014785123,2294256171.7648854,36744021478.04117
Mar-30-2022,106.10216613987808,108.43840259257654,102.58027471989624,103.13665492937098,2291253528.438944,37565018896.94667
Mar-29-2022,108.82747382417814,110.90632899377091,105.34730715641483,106.10216613987808,3142834101.290058,37934452639.14268
Mar-28-2022,97.32800589584217,108.82747382417814,97.32800589584217,108.82747382417814,3384037047.2956867,37172417472.07628
Mar-27-2022,94.03801590029448,100.52143327761881,93.24207350392295,97.32800589584217,1623397447.8840525,34157812475.500828
Mar-26-2022,91.39518552996661,94.03801590029448,90.22752679901849,94.03801590029448,841714630.4376822,32447455904.84028
Mar-25-2022,90.3070484949577,91.56092420316176,89.0122796850062,91.39518552996661,1292166000.2438521,32282173818.408768
Mar-24-2022,93.79951837610466,94.10276203068867,90.19167799307343,90.3070484949577,1439392271.0439062,33233246485.899857
Mar-23-2022,94.80007195678095,95.28214576756365,92.62879295821315,93.79951837610466,1353176807.848383,33910831567.93096
Mar-22-2022,92.98001768722855,96.10214923862841,92.68505036838083,94.80007195678095,1315222747.1512918,34007218491.04937
Mar-21-2022,95.85428822402812,95.85428822402812,92.6142363141584,92.98001768722855,2078073587.4101055,33979046499.333157
Mar-20-2022,90.5348700078766,97.11572432132002,90.5348700078766,95.85428822402812,1854271444.8102973,34458735975.41165
Mar-19-2022,92.14963195704479,94.04210256735631,90.32759353753724,90.5348700078766,1594812428.654975,33585029999.63762
Mar-18-2022,88.36904784825367,93.0607643218097,87.95414797339679,92.14963195704479,1887998380.8615782,33019436720.385918
Mar-17-2022,86.99451474862828,88.36904784825367,83.10995182887831,88.36904784825367,1652233675.6382427,31336266773.2686
Mar-16-2022,89.12331310161113,89.73177829519466,86.99451474862828,86.99451474862828,1935231922.908366,32433006664.212498
Mar-15-2022,88.71483176572745,90.09265681439724,87.19246991650067,89.12331310161113,2537880783.9021587,32828170124.666546
Mar-14-2022,94.62739022440961,94.97275338926949,88.51878048899282,88.71483176572745,2513734719.5076456,34024539261.027805
Mar-13-2022,87.43673318871816,94.62739022440961,87.43673318871816,94.62739022440961,2432057678.4915,33968515467.08265
Mar-12-2022,86.07434594075858,91.88076606383554,86.07434594075858,87.43673318871816,1736730466.4985392,32964652083.87049
Mar-11-2022,88.26517486509582,91.78975405975967,86.07434594075858,86.07434594075858,2893295922.232569,33709616281.6312
Mar-10-2022,101.31585398716065,101.31585398716065,88.26517486509582,88.26517486509582,4306154844.121531,35282470886.74086
Mar-09-2022,99.37425411755927,102.29936574500458,93.9881362296737,101.31585398716065,4399373548.0266,35379910442.73716
Mar-08-2022,85.5729819187068,103.41266014600103,85.5729819187068,99.37425411755927,4063651849.184847,35242271586.736725
Mar-07-2022,77.99914591538835,86.16720441768229,77.99914591538835,85.5729819187068,2464560043.9074225,29868064578.615154
Mar-06-2022,79.19352667378759,82.81146405588709,76.76425887438695,77.99914591538835,2211404177.5375814,29402991829.77
Mar-05-2022,87.39388778902966,87.81859464691362,79.19352667378759,79.19352667378759,1907918521.2467103,31096748088.252945
Mar-04-2022,83.63442898501246,87.82443408252679,81.67584343657992,87.39388778902966,2603376178.726749,31316266133.209335
Mar-03-2022,90.52794770994976,92.95354432716054,83.63442898501246,83.63442898501246,2657208089.153667,33502255135.8234
Mar-02-2022,92.26810076984947,93.6757928218218,88.0646454791406,90.52794770994976,2842049315.4323335,34132923799.913494
Mar-01-2022,89.73771050314708,95.17324298146666,89.65401484265547,92.26810076984947,3631285513.1062775,34686033563.52502
Feb-28-2022,91.25984972915758,94.07634407630322,87.1692058121399,89.73771050314708,3938134596.295756,33754740350.942852
Feb-27-2022,72.64279893125502,91.25984972915758,71.23850632148554,91.25984972915758,2756229885.8307166,29280822437.44393
Feb-26-2022,78.05008510562908,78.05008510562908,72.64279893125502,72.64279893125502,2252677046.0271745,28648278242.76991
Feb-25-2022,73.31950861968001,78.96225754244131,73.1129780272314,78.05008510562908,2755529647.835085,28495175451.92422
Feb-24-2022,65.44418280530095,73.31950861968001,64.52542063999275,73.31950861968001,3855661142.9538813,25643036308.20096
Feb-23-2022,59.79212020081856,65.44418280530095,52.20087462420617,65.44418280530095,3459177038.1068964,21773665476.878162
Feb-22-2022,54.73550180247887,61.76257854951816,54.73550180247887,59.79212020081856,1872672513.0057662,22500258935.452957
Feb-21-2022,50.25123709155285,54.73550180247887,48.80284808492598,54.73550180247887,1762270331.1276865,20025078344.29627
Feb-20-2022,49.403333763225724,53.30818773699645,49.38762316788453,50.25123709155285,1002751646.5881685,20043350065.37187
Feb-19-2022,50.50251006449115,50.50251006449115,47.80469820587893,49.403333763225724,741539411.0914029,19186312732.17566
Feb-18-2022,50.82219279960968,52.649309207965096,50.319615815490856,50.50251006449115,848777369.7573084,20026215194.89875
Feb-17-2022,50.337451007168816,51.73968388828758,49.623158526598914,50.82219279960968,961303865.4872265,19967804374.68402
Feb-16-2022,56.141962163893126,56.754834314942634,50.337451007168816,50.337451007168816,744436921.5856081,21633986866.476757
Feb-15-2022,56.77257486115884,57.690107605329494,55.725965393602856,56.141962163893126,725579153.562798,22425295789.276768
Feb-14-2022,53.88677944421793,56.77257486115884,53.88677944421793,56.77257486115884,950132879.7890751,22181887873.14416
Feb-13-2022,51.84318699085403,54.419952448046224,51.84318699085403,53.88677944421793,773521883.0330397,21055341031.889847
Feb-12-2022,52.097870034892885,53.584874199043966,51.21201806186578,51.84318699085403,801879031.9972701,21007881988.38878
Feb-11-2022,50.422082429192564,52.934504883243264,50.080741812783565,52.097870034892885,1152188638.951277,20617450170.124603
Feb-10-2022,52.2674506036026,54.60489513437282,50.422082429192564,50.422082429192564,1457479188.444167,21317040953.547653
Feb-09-2022,57.34245332353417,57.34245332353417,52.2674506036026,52.2674506036026,1331427541.4614916,22360633741.918015
Feb-08-2022,57.34682233640769,57.75168589909881,54.88913417238987,57.34245332353417,1514046521.013099,22712570886.88942
Feb-07-2022,59.60722547565438,59.652196604216435,55.615740914049596,57.34682233640769,2059961952.2852182,23025962812.851593
Feb-06-2022,56.16263300373834,60.44960120517461,54.85950024731367,59.60722547565438,1573675250.9266624,23105263474.18032
Feb-05-2022,55.48483663183234,57.08703452789256,53.874487578819036,56.16263300373834,1397302689.3116283,22158471481.86658
Feb-04-2022,53.80897837105148,57.646262811758795,53.80897837105148,55.48483663183234,2199777009.5474753,22504499855.32899
Feb-03-2022,51.02862910256748,53.80897837105148,49.503927332657554,53.80897837105148,1748199483.6661289,20553086401.97658
Feb-02-2022,47.722832144087256,51.02862910256748,47.41813901518202,51.02862910256748,1619765579.8898623,19504182899.799866
Feb-01-2022,52.114057715058586,53.41734753231782,47.722832144087256,47.722832144087256,1506597559.8549862,20549484549.870125
Jan-31-2022,52.13371664213678,53.71311940163802,50.98632787233369,52.114057715058586,2308640165.455412,20934828106.845856
Jan-30-2022,46.35656124033377,52.13371664213678,43.671255156219566,52.13371664213678,1934635523.4503224,19035517855.69317
Jan-29-2022,50.88067998884661,51.08925596182965,45.773919303912606,46.35656124033377,1625412006.0728955,19760462720.240635
Jan-28-2022,50.66232266315892,53.29355616439375,50.54748571406373,50.88067998884661,2874516772.607277,20802434045.699738
Jan-27-2022,54.34137283590559,54.96682821220592,48.202391285820774,50.66232266315892,2922127018.243566,20600755465.201576
Jan-26-2022,59.103902885314135,60.684786160666114,53.30053369289228,54.34137283590559,2698374572.0746036,23240234747.11172
Jan-25-2022,62.98297143261436,64.98408060971038,58.40178327872567,59.103902885314135,2438214452.323166,25273559015.144917
Jan-24-2022,66.24203958454706,66.35667704554481,62.195213113415114,62.98297143261436,3514190504.0106773,25970270018.311123
Jan-23-2022,69.83052437992423,69.83052437992423,60.370108186125954,66.24203958454706,3360842385.8129106,26148984129.39163
Jan-22-2022,62.80471140490021,69.83052437992423,62.80471140490021,69.83052437992423,4002941925.697196,27114009498.214737
Jan-21-2022,64.57645486977823,65.722102840392,55.80990814846801,62.80471140490021,4883184511.35723,25134443048.61178
Jan-20-2022,77.07080517274909,80.01338372305095,63.12209922384693,64.57645486977823,3003574181.333881,26518938967.955563
Jan-19-2022,81.22241231998534,84.85507278988388,77.07080517274909,77.07080517274909,1801789258.0026526,29296601369.23397
Jan-18-2022,80.5204950676162,81.77129245246645,76.11974306455954,81.22241231998534,2091236785.935196,28393018231.778893
Jan-17-2022,77.31296686082851,80.99649172511758,74.47856351831025,80.5204950676162,1906511704.1363177,27699312449.82165
Jan-16-2022,87.00733968597463,87.00733968597463,76.8791372604647,77.31296686082851,1385182628.2547266,29384393110.683575
Jan-15-2022,87.65742879736375,87.65742879736375,85.07697976296592,87.00733968597463,1516066665.0757775,30897108659.538662
Jan-14-2022,81.62788200406618,87.65742879736375,80.95021378836306,87.65742879736375,1496353363.3777974,29964547138.068558
Jan-13-2022,78.26015799280017,83.03114975902706,77.72193536493337,81.62788200406618,2152680020.811052,28695424710.72968
Jan-12-2022,82.29306927511755,83.69958987461985,78.26015799280017,78.26015799280017,2425775332.418203,29007934971.0995
Jan-11-2022,73.6356125175968,82.29306927511755,72.80856355451643,82.29306927511755,2117973157.778911,27497572723.37483
Jan-10-2022,69.39459132108581,74.37194195900337,68.81515257717342,73.6356125175968,2487761607.252519,25792035634.485935
Jan-09-2022,74.63584878212949,74.63584878212949,68.0840418687704,69.39459132108581,2390486252.838456,25359750132.42832
Jan-08-2022,66.97919866111016,75.1458382340696,66.97919866111016,74.63584878212949,2359962527.560342,25584733799.3983
Jan-07-2022,68.88043797219528,71.6077834324454,63.39979113644873,66.97919866111016,2277575300.55057,24635839599.088085
Jan-06-2022,78.62158784027837,78.62158784027837,68.88043797219528,68.88043797219528,2759717090.4078383,25795964946.5514
Jan-05-2022,78.8439144255291,79.8590506290405,75.22772153344695,78.62158784027837,2474238943.7164855,27793466065.835213
Jan-04-2022,84.80370724607141,86.80784611207974,77.04752226988452,78.8439144255291,1452860220.1730905,30211821665.670662
Jan-03-2022,88.94919079461533,89.38643839767396,84.80370724607141,84.80370724607141,1644219613.8171015,31610914709.479702
Jan-02-2022,89.48747824729155,94.08114526690957,88.94919079461533,88.94919079461533,1380559238.9039888,33194181707.5591
Jan-01-2022,91.85407380608119,92.09831837091599,89.08791818917788,89.48747824729155,1354808453.7502935,32642015539.894505
Dec-31-2021,85.4864703177487,91.85407380608119,85.4864703177487,91.85407380608119,1653623025.4258845,32114808351.9493
Dec-30-2021,84.69215311739912,90.43295932051741,84.69215311739912,85.4864703177487,1837270915.5757165,31621513647.151104
Dec-29-2021,84.49409569193138,87.27258158177334,81.55196710198447,84.69215311739912,2390320482.568252,30690135183.03106
Dec-28-2021,85.5295763139893,87.46970677363011,84.0595628473469,84.49409569193138,2647505983.1090574,31152110553.85085
Dec-27-2021,90.92074507483325,93.10006501838058,84.72189487181143,85.5295763139893,3222880272.4903393,32494074691.979717
Dec-26-2021,99.81541787710054,103.22420044671564,90.92074507483325,90.92074507483325,2480857326.9954967,35445559925.36728
Dec-25-2021,98.54672900920406,100.57093063977426,96.3784865149707,99.81541787710054,2502024857.5566254,35877005695.13856
Dec-24-2021,95.90384575621714,100.10469603590917,95.88345856531042,98.54672900920406,3002214194.5090313,35672345299.28052
Dec-23-2021,93.86455947082987,100.51196257832673,93.86455947082987,95.90384575621714,4087442228.2368374,35870471395.95361
Dec-22-2021,85.60961566961592,94.61467310407822,85.30118135335469,93.86455947082987,4428520508.622135,32950696916.65667
Dec-21-2021,87.25684385798743,97.89890816086088,85.60961566961592,85.60961566961592,3725741614.704316,34049936302.016018
Dec-20-2021,81.67928921862732,88.98351305976989,81.14913077604244,87.25684385798743,3434721340.7111897,31326469194.075657
Dec-19-2021,78.44471687103102,81.67928921862732,73.9054505909647,81.67928921862732,3156185128.9876494,29103129480.383957
Dec-18-2021,73.71220915108185,78.44471687103102,72.62599537033466,78.44471687103102,2071185825.6795528,27778631856.617516
Dec-17-2021,65.88089377975781,73.71220915108185,62.8576840618393,73.71220915108185,1985872042.8073862,25688603325.76249
Dec-16-2021,64.31256513575732,67.62090969693594,61.213092523964754,65.88089377975781,1854461121.2698884,24368202666.637333
Dec-15-2021,61.58109593136474,67.46546880503814,61.38892303818334,64.31256513575732,2033418154.2817066,24235788985.06949
Dec-14-2021,59.973352266781774,63.45844244273912,55.50557887709662,61.58109593136474,2204873439.7291546,22087721690.099472
Dec-13-2021,53.1992140014209,59.973352266781774,53.1992140014209,59.973352266781774,2148037694.1256084,21363929687.020164
Dec-12-2021,62.212331288357255,62.212331288357255,53.1992140014209,53.1992140014209,1470975480.7857828,21929154040.46431
Dec-11-2021,59.729535288216326,62.212331288357255,58.29208096609628,62.212331288357255,1543374162.0796757,22708945789.76347
Dec-10-2021,61.032431508730056,63.21963978689276,58.56738324376375,59.729535288216326,2321341058.741495,23477643761.635868
Dec-09-2021,66.80994314199489,71.39409862426298,61.032431508730056,61.032431508730056,2652938435.9592557,25560876103.80098
Dec-08-2021,74.64320833759429,76.08978815954032,66.40286889707481,66.80994314199489,2945060572.828063,27239042748.797035
Dec-07-2021,69.14110220612234,74.64320833759429,65.34502495888852,74.64320833759429,2713978316.6269393,26545029717.571968
Dec-06-2021,66.92067039033216,73.42107707594762,65.93144891327601,69.14110220612234,3498167480.579579,26558754537.909676
Dec-05-2021,68.04112354674025,68.04112354674025,61.10525636418595,66.92067039033216,4192161410.9317713,24700338969.57358
Dec-04-2021,75.95019043182876,77.36631204131612,67.6590514875361,68.04112354674025,5324183891.1558695,27767530453.904278
Dec-03-2021,64.14239752548174,75.95019043182876,53.64425796128136,75.95019043182876,3747008142.0366173,23808452257.134792
Dec-02-2021,65.80785090951046,69.65546173622965,64.14239752548174,64.14239752548174,2290544845.986795,26261830810.14609
Dec-01-2021,64.31780963291818,65.80785090951046,61.577667285640544,65.80785090951046,2457884874.782217,24759609000.27247
Nov-30-2021,59.12613941279858,64.31780963291818,55.696483930129396,64.31780963291818,2271067633.207482,23224646814.77975
Nov-29-2021,51.65831566763807,59.12613941279858,50.939858958688056,59.12613941279858,1768947080.5448446,21565943164.921185
Nov-28-2021,50.03546852611658,52.68083004933933,47.95705495905775,51.65831566763807,1684314827.1920993,19586818252.318718
Nov-27-2021,43.44679680448278,50.03546852611658,42.70532452630535,50.03546852611658,1396837164.1705065,18206086228.53202
Nov-26-2021,40.874125959491614,44.23966469229767,40.874125959491614,43.44679680448278,1128855938.0970292,16973819461.402693
Nov-25-2021,43.541210737721016,44.16871216144616,38.50616033881964,40.874125959491614,1086964864.8655157,16643683208.438677
Nov-24-2021,38.57588180368084,43.541210737721016,38.57588180368084,43.541210737721016,712635425.955607,16370864408.007416
Nov-23-2021,42.82394086071111,42.82394086071111,38.05543898299529,38.57588180368084,605883482.3234136,16041775786.451447
Nov-22-2021,41.035945619845855,43.04621708604876,40.463219067177874,42.82394086071111,603323704.3874854,16580640251.253288
Nov-21-2021,44.035313707127074,44.035313707127074,40.603987122034965,41.035945619845855,646461120.5287492,16607184353.148878
Nov-20-2021,45.46987892461606,45.46987892461606,43.036425694499904,44.035313707127074,579515687.53699,17544762485.35891
Nov-19-2021,42.74275057019365,45.46987892461606,41.85480050574882,45.46987892461606,619750967.7731912,17364840411.139854
Nov-18-2021,40.29054793718493,43.49583367670471,39.78855083052905,42.74275057019365,1232524596.2170846,17161024457.653984
Nov-17-2021,43.33315415683861,44.95795712165816,40.14650440536683,40.29054793718493,1084938198.487401,17771166463.668106
Nov-16-2021,43.44005922455618,43.83459097601535,41.59968269558292,43.33315415683861,1079542044.6392546,18306102624.92006
Nov-15-2021,48.336011703659345,48.336011703659345,42.51741225267678,43.44005922455618,893583201.0846761,19706305794.0309
Nov-14-2021,51.289012525142695,51.450022270690695,48.336011703659345,48.336011703659345,393371991.88843155,22368170001.707077
Nov-13-2021,52.22219084869235,52.40031259128267,49.56926402903459,51.289012525142695,466319032.8564952,23169091203.56807
Nov-12-2021,49.815879459630736,52.74138491819011,48.70168615870329,52.22219084869235,591999502.0950717,23255145782.107773
Nov-11-2021,50.65814950840774,50.740299486212365,47.29702648211275,49.815879459630736,734976693.8911242,23091664961.958267
Nov-10-2021,48.872490311744066,51.56919459126481,48.476835665664524,50.65814950840774,1418228352.4423242,24154268608.40817
Nov-09-2021,50.36044982875911,53.92040008055515,47.451987238955084,48.872490311744066,808545373.1154784,24078835001.280685
Nov-08-2021,54.199925919026434,54.199925919026434,50.36044982875911,50.36044982875911,853929237.1819646,20880741479.151554
Nov-07-2021,50.77714279144571,54.72892959353496,50.07648669331995,54.199925919026434,650393650.9834602,20705607793.53102
Nov-06-2021,51.15781908539145,52.49085223734878,50.74700039953182,50.77714279144571,588185718.5238452,20572330291.12529
Nov-05-2021,50.08931973954736,51.17994423867498,48.01918631707313,51.15781908539145,682596554.8217654,19857382562.276333
Nov-04-2021,52.089804816719955,52.42515734155487,49.132471707927024,50.08931973954736,1289454656.142006,20260257531.247345
Nov-03-2021,48.021694797255435,52.089804816719955,46.51430219867877,52.089804816719955,1286014602.2949736,19446618876.488903
Nov-02-2021,44.805800990653836,48.94884793591565,44.12572729806359,48.021694797255435,906193397.593466,18594470916.54639
Nov-01-2021,44.159020366239645,45.21059062656834,43.03071977997777,44.805800990653836,510323707.7270606,17660483778.873913
Oct-31-2021,42.93503282137168,44.159020366239645,41.6858287882632,44.159020366239645,493432512.77886975,17184048627.526077
Oct-30-2021,43.46473046617167,43.52078284843646,41.65192603906336,42.93503282137168,440047412.9201808,17035082363.919258
Oct-29-2021,45.72353666447735,45.72353666447735,43.13745971233971,43.46473046617167,596313565.8516204,17581461681.110535
Oct-28-2021,42.92102421089514,45.770630322576,42.52291327915136,45.72353666447735,807021500.0371902,17620474972.52143
Oct-27-2021,40.01183123162367,43.37533464955365,39.912834509104826,42.92102421089514,1019424361.5813043,16658536975.316444
Oct-26-2021,44.00437628104283,44.35286570978743,39.97014089486829,40.01183123162367,1353595092.7917926,16735141843.946297
Oct-25-2021,42.73104707188274,46.91525294534046,42.73104707188274,44.00437628104283,844234097.6251892,17933525252.170288
Oct-24-2021,41.67642222699871,43.62240717519092,41.67642222699871,42.73104707188274,720847141.3998615,17230746556.69835
Oct-23-2021,43.41146076204703,43.41146076204703,40.264943613521,41.67642222699871,592338898.796122,16778965802.260826
Oct-22-2021,44.00992000512743,44.00992000512743,42.07875338893435,43.41146076204703,1238820754.085178,17258454854.33044
Oct-21-2021,40.86763767410772,45.25493627596965,40.86763767410772,44.00992000512743,1431699494.0511599,17478964875.409645
Oct-20-2021,42.80153958232955,43.26683949718751,39.79871040998468,40.86763767410772,1543690641.0273523,16673252194.33274
Oct-19-2021,37.861225254510074,43.88952583777625,37.778791410055746,42.80153958232955,856115723.0760186,16010497341.69497
Oct-18-2021,35.80919579140128,37.86684927409407,35.60253375904347,37.861225254510074,477553137.269284,14595612851.009346
Oct-17-2021,36.182574627258184,37.22070824348098,35.54840826196282,35.80919579140128,527398682.14509296,14571562508.479588
Oct-16-2021,36.75482539193628,37.37193096378152,35.32486316328749,36.182574627258184,461381897.4252324,14749094556.274406
Oct-15-2021,37.150492326118254,38.42983166118985,36.632420519430234,36.75482539193628,656703371.6902627,14973059219.938696
Oct-14-2021,37.14258923383094,37.81993679129089,36.562601601504454,37.150492326118254,912939157.2120625,14937203327.679167
Oct-13-2021,36.76987008888844,39.437400795847,36.569152765774675,37.14258923383094,981023112.3598933,15224446315.014412
Oct-12-2021,37.58846311903846,38.80699987711592,35.895555039693434,36.76987008888844,1044993111.6253461,14818259966.89477
Oct-11-2021,39.00169326951077,39.00169326951077,35.72697093319355,37.58846311903846,1005506936.8278247,15043375768.774462
Oct-10-2021,39.236148192030456,40.64374825172173,37.93906942315111,39.00169326951077,763356486.5799063,15873134517.38058
Oct-09-2021,42.608442716573066,43.14300507287056,39.236148192030456,39.236148192030456,632234277.2923646,16819063879.599352
Oct-08-2021,43.34941074330671,44.220925237664055,42.240592915135004,42.608442716573066,827143408.1500049,17508019079.02501
Oct-07-2021,46.31780701219099,48.22162142703728,43.34941074330671,43.34941074330671,1499407025.5434606,18354665976.05921
Oct-06-2021,42.01617030657161,46.78864242795604,41.36820615502011,46.31780701219099,1421646539.8980823,17854274246.351624
Oct-05-2021,44.89023908893918,44.89023908893918,41.0972905617898,42.01617030657161,1278466771.461674,17313278319.45529
Oct-04-2021,46.76202810744385,46.76202810744385,44.150957669100556,44.89023908893918,1926766080.091846,18164765658.306473
Oct-03-2021,42.91526266537666,48.98192962526654,42.054483365425845,46.76202810744385,2010306300.1443121,18429297234.07941
Oct-02-2021,41.586723649443805,45.73118028657468,41.586723649443805,42.91526266537666,2106918652.6708608,17487520669.589287
Oct-01-2021,37.796792199851545,42.80770018484368,37.29140975791167,41.586723649443805,1100568398.0624793,15716146415.481346
Sep-30-2021,38.31326587999185,39.70954100564404,36.863584472677644,37.796792199851545,1088355499.5590558,15273173866.603912
Sep-29-2021,34.14879073625206,38.584960550182075,34.14879073625206,38.31326587999185,968499922.8288274,14389376826.19355
Sep-28-2021,33.05181689469457,35.793645286017494,33.05181689469457,34.14879073625206,1131570009.9041982,13837951481.54184
Sep-27-2021,36.66779779222465,37.101242636389465,33.05181689469457,33.05181689469457,1415166709.281197,14169450929.016645
Sep-26-2021,34.56653152853866,39.14289131834723,34.56653152853866,36.66779779222465,1374471329.2470114,14855156377.515797
Sep-25-2021,38.08312709906907,38.08312709906907,33.91095677856967,34.56653152853866,1472694592.418385,14382489023.587711
Sep-24-2021,40.11594147241734,40.11594147241734,36.83367500859914,38.08312709906907,2472819428.7479057,15264268987.532772
Sep-23-2021,36.34988202675414,40.8318642594821,33.26830242288126,40.11594147241734,1980429510.3193266,14603514141.583656
Sep-22-2021,33.219524340945654,36.4104859895532,32.96544451559453,36.34988202675414,1565470693.3032007,13864884674.408226
Sep-21-2021,25.100962674381723,33.219524340945654,25.100962674381723,33.219524340945654,1371202085.5332174,11344677583.5243
Sep-20-2021,27.416496508145567,29.211536602387255,25.074086781078837,25.100962674381723,1544296450.3141797,10988116318.782444
Sep-19-2021,33.05396965859365,33.05396965859365,27.416496508145567,27.416496508145567,1230187476.0033731,11935922167.005964
Sep-18-2021,34.9287358857719,36.263309716664864,32.749301793063886,33.05396965859365,751292415.0387112,14065433540.117336
Sep-17-2021,34.519593027054036,35.89419172143688,34.446950474816326,34.9287358857719,775552139.4845748,14165275226.181004
Sep-16-2021,37.55394295975937,38.650133326451716,34.377962541687246,34.519593027054036,1311536045.9157655,14371799284.688974
Sep-15-2021,36.64822333895986,38.84141053066997,35.57248954521159,37.55394295975937,940738601.3385967,14947747701.872864
Sep-14-2021,35.606112642068695,37.31555108682787,35.1608704049064,36.64822333895986,918228077.8103759,14675063684.171652
Sep-13-2021,37.23662314556839,37.60254115913908,35.116522017068434,35.606112642068695,1113275734.048957,14597787060.233246
Sep-12-2021,39.37775576502779,39.37775576502779,35.26820508491227,37.23662314556839,1499861681.0867412,14807545701.13236
Sep-11-2021,39.14423570314969,42.91014521115358,37.87629839002234,39.37775576502779,1913363170.6202943,16229355148.31702
Sep-10-2021,43.82316907424902,43.82316907424902,38.38141182977078,39.14423570314969,3920406993.6006446,16334996782.125301
Sep-09-2021,30.46046232393601,43.82316907424902,30.46046232393601,43.82316907424902,2271474345.4176965,14671172545.159462
Sep-08-2021,29.3873189189158,31.057666333442207,28.704252314470274,30.46046232393601,1415326195.8852906,12023901578.023987
Sep-07-2021,27.885781365384805,30.705393333220748,25.85098013032766,29.3873189189158,1766791916.5269547,11440221598.494867
Sep-06-2021,32.431984712512474,32.431984712512474,26.04855912002704,27.885781365384805,1024968480.441497,11825611334.573591
Sep-05-2021,34.43648750310525,34.807223690473734,31.60626190563493,32.431984712512474,942418542.6730275,13158979190.683811
Sep-04-2021,31.372881086203453,35.14919779646462,31.368841882565658,34.43648750310525,531745633.7954223,13151561288.162329
Sep-03-2021,31.72754016119931,32.39279866281505,31.216385533467996,31.372881086203453,580384653.101056,12708130102.10272
Sep-02-2021,32.886360078390176,33.34935922355862,31.29152078819675,31.72754016119931,866362986.0804617,13055613564.619793
Sep-01-2021,31.688722329858038,33.75050357398405,31.39193622399315,32.886360078390176,774761735.5033584,12949728466.441658
Aug-31-2021,31.727120221576545,32.38749621907252,30.790251189454946,31.688722329858038,984661091.1376443,12654654922.470087
Aug-30-2021,33.43036837961732,34.19836288878275,31.275085234863365,31.727120221576545,1289376956.0546691,13312469066.458889
Aug-29-2021,33.346837566068295,35.72000191761613,32.79359864248439,33.43036837961732,1198939200.6051276,13704095064.906843
Aug-28-2021,34.954013330557316,36.47450781367154,33.346837566068295,33.346837566068295,1640846220.3534381,13950037940.368431
Aug-27-2021,32.63522744066654,35.17413986044129,30.80757843977426,34.954013330557316,1354816284.0482836,13205351936.487995
Aug-26-2021,27.35725986294062,32.69127136917938,27.08750994076975,32.63522744066654,1401556422.1915715,12250113573.512243
Aug-25-2021,30.08439906747756,30.08439906747756,26.646997119410397,27.35725986294062,927872126.181703,11151000853.53494
Aug-24-2021,29.876138489757867,30.83781106228971,28.7447385175014,30.08439906747756,1663148606.993394,12130281055.777794
Aug-23-2021,29.696209079266186,34.13110284573708,29.696209079266186,29.876138489757867,1848587943.208458,13089149760.615921
Aug-22-2021,27.66100422454338,29.696209079266186,27.568430492239415,29.696209079266186,892792965.5092634,11603256712.290646
Aug-21-2021,27.568471690173432,28.45444186160202,26.590537830791725,27.66100422454338,754154004.1747679,11172954176.74164
Aug-20-2021,30.576031462387792,30.576031462387792,27.369967199110853,27.568471690173432,988315507.7973031,11746368541.494982
Aug-19-2021,29.602498213220333,31.345429564670855,28.92796553269496,30.576031462387792,1445227272.2292845,12112582961.311316
Aug-18-2021,31.107650994849116,32.74606378019182,29.191918298648975,29.602498213220333,2662672284.953317,12463588543.799953
Aug-17-2021,25.041668936590778,31.107650994849116,23.52320306272662,31.107650994849116,2043334462.5581942,10845396498.93594
Aug-16-2021,21.963914046868407,26.371772226095317,21.228483975936594,25.041668936590778,1746957218.5080764,10222127410.539558
Aug-15-2021,19.25789843473669,23.4407152222777,19.25789843473669,21.963914046868407,1070258963.4428883,8729096163.529577
Aug-14-2021,17.348298748414884,19.428352556150603,16.565274353380843,19.25789843473669,264065949.59297356,7207014489.203607
Aug-13-2021,17.74216993534825,17.74216993534825,16.91795444633201,17.348298748414884,280290936.5082664,7166712108.610317
Aug-12-2021,16.597889032920545,17.74216993534825,16.597889032920545,17.74216993534825,366017456.12970144,7088462903.080764
Aug-11-2021,17.107539264162902,17.107539264162902,15.966089378918245,16.597889032920545,485377657.99985653,6818185317.596558
Aug-10-2021,16.70067866608566,17.438763957723634,16.604040657377734,17.107539264162902,668735056.7165884,7033702706.838772
Aug-09-2021,13.955067781961315,16.70067866608566,13.79216698718103,16.70067866608566,456982412.31096315,6138078163.905783
Aug-08-2021,13.426360569685206,14.258958715593405,13.14785240520893,13.955067781961315,384514835.7149201,5697822177.97716
Aug-07-2021,14.612661860114226,14.612661860114226,13.209815637619126,13.426360569685206,397472820.49906087,5810196349.55939
Aug-06-2021,14.527566480480482,15.427116599069885,14.198090453455054,14.612661860114226,454405107.37001306,6103374626.4808035
Aug-05-2021,14.560385830565355,15.163182708616622,14.160704236801351,14.527566480480482,462267067.2589604,6094417357.879537
Aug-04-2021,14.55043996684892,15.063689693837786,13.896214526973663,14.560385830565355,654456457.6234782,6012781881.446416
Aug-03-2021,14.771856701057459,15.377992131406797,13.664359168872418,14.55043996684892,892571259.0530231,6028986086.139535
Aug-02-2021,12.396286473711694,14.771856701057459,11.90243078951948,14.771856701057459,600471582.7015657,5469143282.484108
Aug-01-2021,11.8645934169236,12.396286473711694,11.22201349842094,12.396286473711694,473721249.7212656,4884941532.297642
Jul-31-2021,10.845626111963735,11.8645934169236,10.697374372557217,11.8645934169236,324397013.24776804,4641893729.232785
Jul-30-2021,10.857457707512435,11.150489257131452,10.630800658462114,10.845626111963735,404862493.7599566,4525339469.428234
Jul-29-2021,11.060504743444753,11.060504743444753,10.067848190947348,10.857457707512435,413251132.5168217,4386270849.320961
Jul-28-2021,11.034233070224845,11.56277755852746,10.728970413219201,11.060504743444753,652154448.5578489,4607673993.621525
Jul-27-2021,9.404097690061118,11.034233070224845,9.188925731717731,11.034233070224845,436827217.8439134,4044139564.117613
Jul-26-2021,8.484227494340109,9.497151629918768,8.078174357300806,9.404097690061118,435113426.54002583,3693190852.429433
Jul-25-2021,8.272526393134008,9.423190069797023,8.272526393134008,8.484227494340109,436884042.68815917,3759073152.5432625
Jul-24-2021,8.476155164296783,8.476155164296783,7.882121907698006,8.272526393134008,333555335.547897,3410324533.42671
Jul-23-2021,7.86881669767526,8.476155164296783,7.663740250458303,8.476155164296783,295661718.1999133,3330216151.0947294
Jul-22-2021,7.355633744330426,7.86881669767526,7.052883480894308,7.86881669767526,244613664.20957768,3044990140.3923817
Jul-21-2021,6.665604532782996,7.451969955522768,6.6481337383980215,7.355633744330426,228880953.1721724,2968562298.3791227
Jul-20-2021,5.900394822824071,6.665604532782996,5.750870595015297,6.665604532782996,143829710.68968785,2637381865.9507866
Jul-19-2021,6.009734111720195,6.027006655169403,5.629222483512655,5.900394822824071,125863794.7915616,2446575354.070861
Jul-18-2021,6.611536623680917,6.611536623680917,5.969399423743149,6.009734111720195,102622822.95929049,2612812094.4993668
Jul-17-2021,6.4931542174385,6.8153534829394875,6.4931542174385,6.611536623680917,112709965.71424663,2796236336.1243
Jul-16-2021,6.559286546124576,6.7554710561738265,6.305193972348708,6.4931542174385,189696224.48888847,2712570118.1700745
Jul-15-2021,6.605979491189306,6.96239523496731,6.245206547905411,6.559286546124576,177351657.97801146,2788000577.2887206
Jul-14-2021,6.937528686562625,7.178532071027376,6.600354666204797,6.605979491189306,231876769.60673824,2872524215.3540964
Jul-13-2021,7.1033086742686065,7.328742918687458,6.730519186207526,6.937528686562625,296375139.23070097,2941109490.464069
Jul-12-2021,7.927899769050901,8.022393111816605,7.040248448506461,7.1033086742686065,197679968.2373294,3186754537.2285237
Jul-11-2021,8.427338584199823,8.427338584199823,7.652857649853939,7.927899769050901,225246639.48739251,3382644492.1984468
Jul-10-2021,7.932847266443057,8.61770225756177,7.932847266443057,8.427338584199823,322819077.7341556,3505026996.3857365
Jul-09-2021,8.170379690204276,8.522221595663733,7.632713069385335,7.932847266443057,418014346.06565773,3342695954.0152383
Jul-08-2021,6.714986654425659,8.316745253111169,6.464037726529612,8.170379690204276,351045134.7397406,3148470262.558892
Jul-07-2021,7.124462116270456,7.124462116270456,6.502681974343825,6.714986654425659,290475829.7505152,2840155927.4177065
Jul-06-2021,6.511973274109931,7.618529535161284,6.511973274109931,7.124462116270456,311531499.69110155,2995827719.0157623
Jul-05-2021,6.149846972231977,6.511973274109931,6.105109128928948,6.511973274109931,158419053.55655983,2613516849.752665
Jul-04-2021,5.966760730698724,6.149846972231977,5.6870126056974595,6.149846972231977,104618463.88030507,2444127410.2500596
Jul-03-2021,5.822932102588525,6.238548454216763,5.7330551182033975,5.966760730698724,78738557.10079981,2494786966.571312
Jul-02-2021,5.749481826840646,5.978548609549817,5.643282475621542,5.822932102588525,66929979.8567898,2433804673.232219
Jul-01-2021,5.922736715217487,6.047109974043353,5.568510967465094,5.749481826840646,113726830.42903343,2387798172.9060955
Jun-30-2021,6.544585843217937,6.544585843217937,5.818446481482227,5.922736715217487,186024923.51764596,2524062185.394336
Jun-29-2021,5.981519428479856,6.58284990841579,5.779353382405077,6.544585843217937,163080534.6079842,2544225445.045184
